<?xml version="1.0" encoding="UTF-8"?>
<project-private xmlns="http://www.netbeans.org/ns/project-private/1">
    <editor-bookmarks xmlns="http://www.netbeans.org/ns/editor-bookmarks/2" lastBookmarkId="0"/>
    <open-files xmlns="http://www.netbeans.org/ns/projectui-open-files/2">
        <group>
            <file>file:/C:/Users/CREAM/Desktop/45587562/compro-project-main/compro-project-main/ticketcon/ticketconcert/src/ticketconcert/Test.java</file>
            <file>file:/C:/Users/CREAM/Desktop/45587562/compro-project-main/compro-project-main/ticketcon/ticketconcert/src/ticketconcert/Customer.java</file>
            <file>file:/C:/Users/CREAM/Desktop/45587562/compro-project-main/compro-project-main/ticketcon/ticketconcert/src/ticketconcert/Ticketconcert.java</file>
            <file>file:/C:/Users/CREAM/Desktop/45587562/compro-project-main/compro-project-main/ticketcon/ticketconcert/src/ticketconcert/Ticketconcertmenu.java</file>
        </group>
    </open-files>
</project-private>
